Pavadinimas,Kortel?s Nr.,Inv. Nr.,"Vert?, Eur","Sukauptas nusid?v?jimas, Eur","Likutin? vert?, Eur",Kiekis m2
Verduli? g. 33-7,5.2.1,100154,"26,065.80","1,182.65","24,883.15",79.69
Gardino g. 15-32,5.2.1,100155,"21,431.88",972.33,"20,459.55",50.23
Geguži? g. 29-30,5.2.1,100156,"24,328.08","1,103.85","23,224.23",63.63
Radviliškio g. 62-5,5.2.1,100157,"18,390.87",834.46,"17,556.41",52.70
Naujo ryto takas 2-27,5.2.1,100158,"28,962.00","1,314.04","27,647.96",61.77
 Dubijos g. 29-34,5.2.1,100159,"16,508.34",749.08,"15,759.26",43.17
Architekt? g. 24-9,5.2.1,100160,"28,962.00","1,314.04","27,647.96",64.39
Talšos g. 6-57,5.2.1,100161,"30,699.72","1,392.94","29,306.78",61.70
Geguži? g. 80-1,5.2.1,100448,"25,486.56","1,132.74","24,353.82",84.85
Geguži? g. 67-58,5.2.1,100754,"26,645.04","1,159.58","25,485.46",64.72
Krymo g. 42-59,5.2.1,101211,"13,612.14",504.11,"13,108.03",36.15
 Lyros g. 7-28,5.2.1,101212,"16,218.72",600.72,"15,618.00",35.91
Geguži? g. 25-59,5.2.1,101213,"12,077.15",447.26,"11,629.89",30.48
Aukštabalio g. 4-44,5.2.1,101263,"12,453.66",449.66,"12,004.00",30.27
Gytari? g. 43-23,5.2.1,101264,"15,639.48",564.75,"15,074.73",36.19
Tilž?s g. 175-86,5.2.1,101265,"12,743.28",460.18,"12,283.10",29.30
Radviliškio g. 96-34,5.2.1,101266,"12,743.28",460.18,"12,283.10",31.59
S. Dariaus ir S. Gir?no g. 16-53,5.2.1,101355,"12,453.66",438.13,"12,015.53",30.41
 Architekt? g. 18C-44,5.2.1,101356,"14,770.62",519.74,"14,250.88",36.21
 K. Korsako g. 115-20,5.2.1,101357,"16,218.72",570.68,"15,648.04",36.42
Aukštabalio g. 4-82,5.2.1,101358,"13,032.90",458.62,"12,574.28",30.70
 Liepori? g. 3-11,5.2.1,101359,"12,453.66",438.13,"12,015.53",29.11
Aukštabalio g. 12-25,5.2.1,101360,"13,756.95",484.06,"13,272.89",30.03
Gardino g. 25-3,5.2.1,102047,34.46,15.33,19.13,64.78
Sevastopolio g. 1-15,953,103238,"24,762.51",619.06,"24,143.45",49.91
Radviliškio g. 100-13,953,103240,"17,377.20",418.32,"16,958.88",53.23
Liepori? g. 11-79,953,103251,"21,287.07",473.03,"20,814.04",47.01
Žemait?s g. 34-5,953,103252,"21,142.26",509.03,"20,633.23",43.07
Draugyst?s pr. 3-15,953,103269,"20,128.59",484.60,"19,643.99",43.39
Geguži? g. 83-64,953,103284,"29,830.86",718.13,"29,112.73",67.68
Geguži? g. 88-43,953,103285,"31,858.20",766.97,"31,091.23",64.52
Dain? g. 68-3,953,103298,"25,196.94",606.57,"24,590.37",63.88
Rsos g. 20-10,953,103299,"24,617.70",546.99,"24,070.71",61.51
Sodo g. 31-14,953,103301,"27,513.90",611.47,"26,902.43",74.53
Žemait?s g. 104A-29,953,103304,"26,645.04",666.09,"25,978.95",57.83
Dain? g. 98-15,953,103332,"27,224.28",605.00,"26,619.28",66.94
"?kalovo g.27, 1-43,77 kv.m.; 3-33,43 kv.m.",,103552,15.61,8.73,6.88,77.20
Geguži? g. 35-67,953,104077,"18,825.30",261.45,"18,563.85",1.00
Ežero g. 12-52,953,104078,"16,218.72",225.16,"15,993.56",1.00
Dain? g. 70-5,953,104079,"17,087.58",237.30,"16,850.28",1.00
P. Cvirkos g. 65 A-2,953,104080,"20,128.59",279.60,"19,848.99",1.00
Tilž?s g. 43-44,953,104081,"20,997.45",291.60,"20,705.85",1.00
Geguži? g. 64-14,953,104082,"18,535.68",257.40,"18,278.28",1.00
Spindulio g. 12-23,953,104083,"19,404.54",269.55,"19,134.99",1.00
P. Lukšio g. 9-50,953,104084,"30,410.10",365.95,"30,044.15",1.00
Tilž?s g. 47-13,953,104085,"34,754.40",386.16,"34,368.24",1.00
Tilž?s g. 39-21,953,104086,"33,306.30",462.60,"32,843.70",1.00
K.Korsako g. 2-13,953,104094,"27,513.90",382.19,"27,131.71",1.00
Dain? g. 46-30,953,104125,"34,175.16",411.32,"33,763.84",1.00
Architekt? g. 48-21,953,104127,"37,117.70",446.68,"36,671.02",1.00
Birut?s g.1A,,104610,1.00,,1.00,1.00
Birut?s g.33-3,,104611,108.76,60.41,48.35,1.00
Spindulio g. 5-517,5.2.1,105401,"3,740.00",6.92,"3,733.08",17.12
Basanavi?iaus 55b-121,0568,1200000,"2,179.55",326.80,"1,852.75",11.32
Basanavi?iaus g. 55b - 115,0569,1200001,"3,140.59",470.92,"2,669.67",16.32
Sodo g. 4-12,0572,1200005,43.68,21.04,22.64,22.29
Sodo g. 2b-11,0573,1200006,41.02,19.53,21.49,22.74
Draugyst?s 18-24,0574,120002,12.65,6.41,6.24,28.57
Dubijos 31-7,0575,120003,11.74,4.95,6.79,28.96
Tilž?s 61b-19,0579,120008,"18,813.19","3,232.16","15,581.03",53.89
Tilž?s 61b-8,0578,120009,"18,746.56","3,220.65","15,525.91",53.70
"Dvaro 142 b, 45/100",0577,120010,26.87,13.19,13.68,135.62
Dubijos 31-11,0576,120011,11.74,4.95,6.79,28.96
Tilž?s g.144-59,0580,120012,0.01,0.01,,38.51
Draugyst?s 10-19,0584,120018,15.52,7.81,7.71,37.48
Žalgirio g.2-32,0590,120024,3.19,1.52,1.67,12.55
Žalgirio g.-2-70,0592,120025,3.27,1.52,1.75,12.73
Žalgirio g.2-47,0593,120026,7.74,3.79,3.95,24.62
Žalgirio g.2-57,0594,120027,7.89,3.81,4.08,25.47
Žalgirio g.2-34,0595,120028,7.76,3.79,3.97,25.89
"Energetik? g.12-3, 45/100",0596,120029,8.15,3.58,4.57,46.10
Žalgirio g.2-29,0589,120030,7.86,3.81,4.05,26.19
Žalgirio g.2-22,0588,120031,7.95,3.81,4.14,25.67
Žalgirio g.2-19,0587,120032,7.75,3.79,3.96,25.24
Žalgirio g.2-14,0586,120033,3.22,1.52,1.70,12.68
Aido g.15-8,0585,120034,32.48,8.25,24.23,36.04
Žalgirio g.2-83,0597,120035,8.04,3.98,4.06,25.94
Basanavi?iaus g.146a-3,0583,120036,36.08,14.15,21.93,78.40
?kalovo 19 (22/100),0582,120038,8.13,4.47,3.66,198.33
Vytauto g.106-5,0581,120039,13.78,6.80,6.98,16.63
Žalgirio g.2-71,0591,120040,0.01,0.01,,12.71
Skalvi? g.5-9,0599,120044,"18,282.89","3,303.96","14,978.93",119.53
Skalvi? g.5-14,0600,120049,"9,328.41","1,685.81","7,642.60",58.48
Skalvi? g.5-15,0601,120050,"17,993.52","3,251.70","14,741.82",119.30
Skalvi? g.5-34,0606,120071,"11,800.57","2,132.47","9,668.10",76.40
Žalgirio g.2-85,0607,120073,3.91,1.75,2.16,12.61
Žalgirio g.2-95,0608,120074,8.04,3.98,4.06,25.98
Žalgirio g.2-100,0609,120075,7.84,3.81,4.03,25.30
Žalgirio g.2-103,0610,120076,3.93,1.94,1.99,11.94
Žalgirio g.2-104,0611,120077,3.68,1.82,1.86,11.87
Žalgirio g.2-118,0612,120078,3.90,3.90,,12.58
Žalgirio g.2-121,0613,120079,7.72,3.66,4.06,25.18
Žalgirio g.2-125,0614,120080,3.66,1.82,1.84,11.80
Žalgirio g.2-126,0615,120081,3.88,1.83,2.05,11.77
Ežero g.3-50,0616,120082,17.26,8.63,8.63,41.38
Žalgirio g.2-129,0617,120083,3.89,1.83,2.06,12.57
Žalgirio g.2-148,0618,120084,3.73,1.82,1.91,12.06
Žalgirio g.2-164,0619,120085,3.98,1.94,2.04,12.84
Žalgirio g.2-157,0620,120086,7.78,3.79,3.99,25.04
Žalgirio g.2-163,0621,120087,3.85,1.83,2.02,12.42
Žalgirio g.2-178,0622,120088,3.91,1.94,1.97,12.64
Žalgirio g.2-181,0623,120089,8.14,3.91,4.23,26.28
Žalgirio g.2-185,0624,120090,3.91,1.83,2.08,12.61
Žalgirio g.2-187,0625,120091,7.93,3.81,4.12,25.59
Žalgirio g.2-189,0626,120092,3.91,1.83,2.08,12.61
Ežero g.3-52,0627,120093,15.17,7.44,7.73,36.55
Žalgirio g.2-192,0628,120094,8.11,3.98,4.13,26.19
Žalgirio g.2-196,0629,120095,3.93,1.93,2.00,12.67
Žalgirio g.2-197,0630,120096,3.92,1.93,1.99,12.72
Bielskio g.51c-7,0631,120097,0.01,0.01,,34.04
Vytauto g.90-26,0632,120098,17.90,9.11,8.79,42.25
Dvaro g. 175-6,0633,120099,46.09,23.89,22.20,30.23
Ežero g.12-15,0636,120104,17.79,8.82,8.97,42.96
Dariaus Gir?no g.10-58,0637,120107,24.52,7.31,17.21,61.79
Dariaus Gir?no g.14-57,0638,120108,35.44,10.13,25.31,44.21
Dariaus Gir?no g.18-14,0639,120110,12.18,3.64,8.54,30.27
Dariaus Gir?no g.20-46,0640,120111,17.16,5.10,12.06,44.12
Dain? g.90-62,0641,120114,14.89,4.11,10.78,36.50
Gvazdik? takas 2-53,0642,120115,43.65,10.62,33.03,64.71
Ežero g.19-57,0643,120116,19.76,9.60,10.16,41.39
Grinkevi?iaus g.18-98,0644,120119,31.47,7.88,23.59,50.47
Aukštabalio g.4-1,0645,120121,18.84,5.86,12.98,47.57
Aukštabalio g.10-80,0646,120122,19.55,6.24,13.31,47.65
Aukštabalio g.12-32,0647,120123,18.15,5.80,12.35,44.03
Aukštabalio g.14-29,0648,120125,17.44,5.65,11.79,43.99
Krymo g.18-76,0649,120126,27.59,7.10,20.49,49.25
Ežero g.23-37,0650,120127,23.54,11.82,11.72,52.16
Krymo g.24-43,0651,120128,30.53,7.81,22.72,49.03
Krymo g.40-6,0652,120129,23.62,6.35,17.27,49.95
Liepori? g.5-30,0653,120130,26.79,7.96,18.83,61.46
Liepori? g.19-14,0654,120131,12.80,3.45,9.35,29.50
Liepori? g.19-31,0655,120132,18.90,5.01,13.89,45.42
Liepori? g.19-40,0656,120133,18.83,6.05,12.78,43.46
Naujo ryto takas 2-3,0657,120134,12.65,3.70,8.95,29.05
Naujo ryto takas 2-51,0658,120135,19.35,5.67,13.68,43.79
Rasos g.3-43,0659,120136,17.62,5.23,12.39,44.27
Kraži? 19a-4,0660,120138,7.65,7.44,0.21,17.64
Rasos g.22-5,0661,120139,14.27,4.07,10.20,30.26
Rasos g.26-54,0662,120140,24.25,8.03,16.22,61.62
Rasos g.26-59,0663,120141,12.00,3.98,8.02,30.35
Statybinink? g. 13-53,0664,120142,19.56,5.89,13.67,47.85
Saul?s takas 3-20,0665,120143,18.42,5.26,13.16,44.14
Saul?s takas 3-34,0666,120144,12.59,3.62,8.97,30.14
Saul?s takas 4-1,0667,120145,24.11,6.86,17.25,46.91
Saul?s takas 4-21,0668,120146,30.41,8.55,21.86,61.74
Saul?s takas 4-28,0669,120147,14.97,4.19,10.78,30.39
Saul?s takas 4-29,0670,120148,21.85,6.28,15.57,44.36
Kraži? g.19a-5,0671,120149,6.43,6.13,0.30,14.32
Saul?s takas 6-18,0672,120150,18.95,5.48,13.47,44.22
Tilž?s g.32-49,0673,120153,18.03,5.21,12.82,44.54
Tilž?s g.56-29,0674,120154,18.38,5.61,12.77,44.34
Mechanik? g.5-1,0679,120160,35.18,20.71,14.47,23.52
Draugyst?s pr.21-38,0680,120162,7.99,5.20,2.79,16.20
Draugyst?s pr.21-82,0681,120163,7.56,2.71,4.85,16.21
Draugyst?s prospektas 21-87,0682,120164,7.86,2.80,5.06,16.96
Draugyst?s pr.21-91,0683,120165,7.58,2.71,4.87,16.25
Draugyst?s pr.21-92,0684,120166,7.81,2.78,5.03,16.74
Draugyst?s pr.21-94,0685,120167,4.87,1.65,3.22,10.44
Medelyno  g.7-108a,0686,120169,5.22,2.68,2.54,13.86
Medelyno 7-108b,0688,120172,7.22,4.03,3.19,19.55
Medelyno g.7-303,0689,120173,11.35,6.30,5.05,33.48
Medelyno g.7-417b,0690,120176,6.99,3.85,3.14,19.13
Medelyno g.7-502a,0691,120177,5.61,2.90,2.71,14.01
Medelyno g.7-502b,0692,120178,6.67,3.70,2.97,19.26
Medelyno g.7-503a,0693,120179,4.98,2.60,2.38,14.00
Medelyno g.7-516,0694,120180,7.37,4.09,3.28,22.63
Medelyno g.7-519a,0695,120181,5.49,2.91,2.58,14.01
Architekt? g.4-11,0697,120183,28.00,7.21,20.79,36.20
Architekt? g.18c-9,0698,120184,31.60,8.68,22.92,36.02
Architekt?  g.32-13,0699,120185,26.72,7.31,19.41,50.32
Architekt? g.32-36,0700,120186,32.31,8.89,23.42,64.36
Architekt? g.36-8,0701,120187,19.58,5.58,14.00,36.51
Architekt? g.50-7,0702,120188,26.86,7.81,19.05,36.24
Dain? g.40a-28,0703,120191,36.01,9.79,26.22,52.31
Dain? g.41-21,0704,120192,30.00,8.64,21.36,63.70
Margi? g.8-2,0705,120193,23.49,23.49,,47.44
Dain? g.48-10,0706,120195,22.35,6.30,16.05,31.20
Dain? g.74-29,0709,120198,25.61,7.34,18.27,50.55
Dain? g.80-41,0710,120199,17.73,4.82,12.91,36.11
Dain? g.86-17,0711,120200,20.05,6.55,13.50,35.94
"Gardino g.5-85, 47/100",0712,120201,13.17,3.75,9.42,49.25
Gardino g.9-6,0713,120202,32.75,10.47,22.28,47.15
Gardino g.9-59,0714,120203,25.30,7.93,17.37,36.47
Margi? g.9-4,0715,120204,16.80,9.93,6.87,34.70
Geguži? g.61-65,0716,120207,42.54,11.15,31.39,50.97
Geguži? g.63-16,0717,120208,47.86,12.87,34.99,33.46
Geguži? g.85-28,0718,120209,39.02,10.26,28.76,49.95
Tilž?s g.33-56,0719,120210,26.07,6.44,19.63,37.28
Tilž?s 61-1,0720,120211,"14,691.88","2,565.10","12,126.78",34.42
Tilž?s g.61-2,0721,120212,"18,449.70","3,221.25","15,228.45",43.22
Tilž?s g.61-3,0722,120213,"18,215.27","3,202.92","15,012.35",42.67
Tilž?s g.61-5,0723,120216,"24,131.91","4,243.46","19,888.45",56.53
Tilž?s 61-6,0724,120217,"14,686.62","2,584.15","12,102.47",34.40
Tilž?s g.61-7,0725,120218,"18,491.69","3,251.62","15,240.07",43.32
Tilž?s g.61-8,0726,120219,"18,204.77","3,201.09","15,003.68",42.65
Tilž?s g.61-9,0727,120220,"22,564.40","3,918.41","18,645.99",52.86
Tilž?s g.61-10,0728,120221,"24,156.61","4,247.75","19,908.86",56.59
Tilž?s g.61-11,0729,120222,"14,831.84","2,608.10","12,223.74",34.75
Tilž?s g.61-12,0730,120223,"18,428.70","3,240.61","15,188.09",43.17
Tilž?s g.61-13,0731,120224,"18,260.76","3,210.87","15,049.89",42.78
Tilž?s g.61-14,0732,120225,"22,742.85","3,999.12","18,743.73",53.28
Margi? g.11-1,0733,120226,16.80,9.93,6.87,38.36
Tilž?s g.61-15,0734,120227,"24,180.89","4,251.96","19,928.93",56.65
Tilž?s g.61-16,0735,120228,"14,877.32","2,616.01","12,261.31",34.85
Tilž?s g.61-17,0736,120229,"18,470.69","3,247.90","15,222.79",43.26
Tilž?s g.61-18,0737,120230,"18,222.27","3,204.14","15,018.13",42.69
Tilž?s g.61-19,0738,120231,"22,756.84","4,001.59","18,755.25",53.31
Tilž?s g.61-20,0739,120232,"24,047.94","4,228.53","19,819.41",56.34
Tilž?s g.61-21,0740,120233,"14,765.36","2,596.22","12,169.14",34.59
Tilž?s g.61-22,0741,120234,"18,393.72","3,234.26","15,159.46",43.30
Tilž?s g.61-23,0742,120235,"18,204.77","3,201.09","15,003.68",42.65
Tilž?s g.61-24,0743,120236,"22,658.87","3,984.37","18,674.50",53.08
Tilž?s g.61-25,0744,120238,"24,313.85","4,275.36","20,038.49",56.37
Tilž?s g.61a-1,0745,120239,"14,017.63","2,463.79","11,553.84",35.13
Tilž?s g.61a-2,0746,120240,"17,284.93","3,038.15","14,246.78",43.32
Tilž?s g.61a-3,0747,120241,"17,013.47","2,997.86","14,015.61",42.64
Tilž?s 61a-4,0748,120242,"21,252.06","3,735.47","17,516.59",53.26
Tilž?s 61a-5,0749,120243,"22,792.55","4,006.36","18,786.19",57.12
Tilž?s g.61a-7,0750,120245,"17,189.61","3,021.42","14,168.19",43.08
Tilž?s g.61a-8,0751,120246,"16,990.58","2,986.54","14,004.04",42.58
Tilž?s g.61a-9,0752,120247,"21,399.29","3,761.26","17,638.03",53.63
Margi? g.11-3,0753,120248,22.59,13.29,9.30,43.49
Tilž?s g.61a-10,0754,120249,"22,743.50","3,997.71","18,745.79",57.00
Tilž?s g.61a-11,0755,120250,"14,115.75","2,481.31","11,634.44",35.38
Tilž?s g. 61a-12,0756,120251,"17,150.83","3,014.65","14,136.18",42.98
Tilž?s g.61a-13,0757,120252,"17,026.55","2,992.86","14,033.69",42.67
Tilž?s 61a-14,0758,120253,"21,382.94","3,758.63","17,624.31",53.59
Tilž?s g.61a-15,0759,120254,"22,884.13","4,022.54","18,861.59",57.35
Tilž?s g.61a-16,0760,120255,"14,096.13","2,477.76","11,618.37",35.33
Tilž?s g.61a-17,0761,120256,"17,392.86","2,892.73","14,500.13",43.22
Tilž?s g.61a-18,0762,120257,"17,046.17","2,996.27","14,049.90",42.72
Tilž?s g.61a-19,0763,120259,"21,278.28","3,740.11","17,538.17",53.33
Tilž?s g.61a-20,0764,120260,"22,743.50","3,997.71","18,745.79",57.00
Tilž?s g.61a-21,0765,120261,"13,909.71","2,444.85","11,464.86",34.86
Tilž?s g.61a-22,0766,120262,"17,343.80","3,048.44","14,295.36",43.47
Tilž?s g.61a-23,0767,120263,"17,033.09","2,993.88","14,039.21",42.69
Tilž?s g.61a-24,0768,120264,"21,310.99","3,745.98","17,565.01",53.41
Tilž?s g. 61a-25,0769,120265,"22,655.19","3,990.10","18,665.09",56.78
Tilž?s g.61b-5,0770,120266,"13,337.84","2,538.27","10,799.57",38.21
Tilž?s g.61b-11,0771,120268,"18,865.34","3,605.90","15,259.44",54.04
Tilž?s g.61b-20,0772,120271,"18,749.46","3,586.50","15,162.96",53.70
Tilž?s g  61c-2,0773,120272,"19,854.44","3,896.45","15,957.99",53.12
Tilž?s g.61c-8,0774,120273,"21,109.78","4,148.00","16,961.78",68.58
Gardino g.15-17,0775,120274,"7,971.74","1,270.78","6,700.96",36.23
Dain? g.18-28,0776,120275,33.27,8.43,24.84,67.02
Korsako g.11-5,0777,120279,29.34,6.45,22.89,36.03
"Korsako g,20-24",0778,120281,54.03,11.18,42.85,50.22
Gytari? g.7-8,0779,120282,31.35,4.41,26.94,33.49
Gytari? g.13-24,0780,120283,40.05,8.51,31.54,50.41
Geguži? g.15-32,0781,120284,17.33,4.83,12.50,44.28
Geguži? g.15-81,0782,120285,17.28,4.88,12.40,44.03
Geguži? g.15-88,0783,120287,18.60,5.35,13.25,47.53
Geguži? g.17-19,0784,120288,19.96,5.76,14.20,46.98
"Geguži? g,17-35",0785,120290,17.60,5.12,12.48,44.23
Geguži? g.25-51,0786,120291,25.22,7.20,18.02,61.73
Geguži? g.35-25,0788,120293,19.82,6.29,13.53,33.02
Geguži? g.35-51,0789,120294,19.65,6.00,13.65,32.75
Geguži? g.35-76,0790,120295,20.02,6.30,13.72,33.37
Geguži? g.35-85,0791,120296,19.81,6.27,13.54,33.18
Geguži? g.37-70,0792,120297,28.31,8.81,19.50,49.83
Geguži? g.48-90,0793,120298,35.55,8.06,27.49,64.61
Geguži? g.56-20,0794,120299,25.24,5.79,19.45,36.15
Geguži? g.76-39,0796,120301,35.36,7.61,27.75,39.92
Geguži? g.92-9,0797,120302,400.54,80.22,320.32,85.59
Gytari? g.43-31,0798,120304,683.03,135.75,547.28,53.00
Gytari? g.43-44,0799,120305,683.03,135.75,547.28,49.94
Gytari? g.43-5,0800,120306,491.87,97.21,394.66,36.19
Geguži? g.41-32,0801,120308,34.50,8.82,25.68,50.96
Geguži? g.52-61,0802,120309,27.72,8.01,19.71,31.62
Geguži? g.58-64,0803,120310,31.79,9.23,22.56,36.00
Geguži? g.60-44,0804,120311,27.73,6.13,21.60,50.20
Geguži? g.64-10,0805,120312,26.63,5.86,20.77,31.55
Korsako g.20-26,0807,120315,53.99,11.31,42.68,50.18
Korsako g.53-28,0808,120316,41.64,9.05,32.59,50.49
Korsako g.105-10,0810,120320,15.77,9.14,6.63,66.69
Kvie?i? g.16-1,0811,120321,"2,805.53",554.47,"2,251.06",87.05
Kvie?i? g.16-2,0812,120322,"2,077.15",410.55,"1,666.60",64.45
Kvie?i? g.16-4,0813,120323,"2,077.15",410.55,"1,666.60",64.43
"Radviliškio g.45-9, 64/100",0814,120324,10.65,7.53,3.12,79.12
"Gytari? g.43-19, 47/100",0815,120328,16.81,3.80,13.01,50.17
Gumbin?s g.110-302,0816,120330,142.98,43.28,99.70,17.26
Gardino g. 4-207,0817,120331,48.50,20.07,28.43,21.76
Basanavi?iaus g.55b-2,0819,120333,"1,677.02",250.91,"1,426.11",9.91
Basanavi?iaus  g.55b-113,0820,120334,"3,578.13",535.23,"3,042.90",18.58
"Radviliškio g.45-11, 41/100",0821,120335,5.90,4.03,1.87,79.12
Basanavi?iaus g.55b-114,0822,120336,"3,084.78",461.46,"2,623.32",16.03
Basanavi?iaus g.55b-116,0823,120337,"3,121.62",465.95,"2,655.67",16.22
Basanavi?iaus g.55b-117,0824,120338,"3,448.21",515.86,"2,932.35",17.92
Basanavi?iaus g.55b-118,0825,120339,"1,852.24",277.02,"1,575.22",9.63
Basanavi?iaus g.55b-119,0826,120440,"4,085.88",608.55,"3,477.33",21.22
Basanavi?iaus g.55 b-120,0827,120441,"1,675.10",250.52,"1,424.58",8.70
Basanavi?iaus g.55b-122,0828,120442,"1,802.18",269.56,"1,532.62",9.36
Basanavi?iaus g.55b-123,0829,120443,"1,640.07",245.37,"1,394.70",8.52
Basanavi?iaus g.55b-109,0830,120444,"2,861.78",428.13,"2,433.65",14.85
Basanavi?iaus 55b-110,0831,120445,"3,091.82",462.51,"2,629.31",16.14
Radviliškio g.64-3,0832,120446,55.72,12.66,43.06,52.88
Basanavi?iaus g.55b-111,0833,120447,"3,137.12",469.25,"2,667.87",16.33
Basanavi?iaus g.55b-112,0834,120448,"3,452.97",516.51,"2,936.46",18.49
Ežero g.8-26,0835,120449,41.80,15.35,26.45,17.40
Ežero g.8-52,0836,120450,40.00,14.64,25.36,17.76
Ežero g.8-86,0837,120451,42.62,15.66,26.96,17.94
Ežero g.8-87,0838,120452,42.48,15.61,26.87,17.91
Ežero g.8-109,0839,120453,41.99,15.47,26.52,17.79
Ežero g.15-11,0840,120454,10.84,2.62,8.22,8.74
Tilž?s g.121-210a,0841,120455,13.87,2.82,11.05,15.52
Radviliškio g.64-8,0842,120456,56.70,12.91,43.79,53.38
Tilž?s g.121-213,0843,120457,16.32,3.55,12.77,17.59
"Tilž?s g,121-219 A",0844,120458,15.12,2.96,12.16,16.71
Tilž?s g.121-233,0845,120459,16.06,3.37,12.69,17.31
Tilž?s g.121-412,0846,120460,16.44,3.55,12.89,17.92
Tilž?s g.121-203,0847,120461,33.03,5.73,27.30,18.45
Geguži? g.49a-206,0848,120462,64.75,35.03,29.72,21.63
Ežero g.29-112,0850,120464,28.94,6.27,22.67,15.09
Ežero g.29-205,0851,120465,27.29,5.88,21.41,15.95
Tilž?s g.44-8,0852,120466,33.91,16.33,17.58,18.32
Radviliškio g.64-17,0853,120467,36.48,8.17,28.31,34.69
Tilž?s g.44-10,0854,120468,33.49,16.17,17.32,18.05
Tilž?s g.44-16,0855,120469,33.47,16.15,17.32,18.04
Tilž?s g.44-37,0856,120470,30.71,14.77,15.94,17.94
Tilž?s g.44-46,0857,120471,32.52,15.55,16.97,17.87
Tilž?s g.44-49,0858,120472,31.91,15.23,16.68,17.96
Tilž?s g.44-79,0859,120473,30.87,14.82,16.05,17.79
Tilž?s g.44-108,0860,120474,30.28,14.60,15.68,17.59
Tilž?s g.44-141,0861,120475,30.44,14.65,15.79,17.69
Tilž?s g.44-110,0862,120476,30.07,14.60,15.47,17.37
Tilž?s g.44-128,0863,120477,64.52,31.05,33.47,35.65
Radviliškio g.64-23,0864,120478,55.94,12.70,43.24,32.32
Tilž?s g.44-114,0865,120479,30.89,14.83,16.06,17.96
Spindulio g.5-408,0866,120480,66.83,22.93,43.90,32.81
Spindulio g.5-503,0867,120481,61.35,10.46,50.89,33.11
Žemait?s g.104-10a,0868,120482,28.20,6.42,21.78,13.99
Žemait?s g.104-72,0869,120483,34.45,8.63,25.82,15.76
Žuvinink? g.2-405a,0870,120484,36.44,7.03,29.41,8.82
Žuvinink? g.2-409,0871,120485,61.47,12.05,49.42,19.97
Radviliškio g.64-24,0872,120490,0.01,0.01,,55.99
Radviliškio g.64-27,0873,120503,60.15,13.56,46.59,56.59
Radviliškio g.64-35,0874,120537,55.42,12.62,42.80,34.47
Margi? 10a-301,0875,120553,12.79,3.56,9.23,20.06
Margi? g.10a-208,0876,120554,25.89,7.30,18.59,34.19
Margi? g.10a-209,0877,120556,26.59,7.44,19.15,37.28
Margi? 10a-210,0878,120557,26.81,7.49,19.32,34.17
Margi? g.10a-312,0879,120558,25.55,7.25,18.30,33.58
Radviliškio g.64-40,0880,120559,55.72,12.66,43.06,52.24
Margi? g.10a-313,0881,120560,17.23,4.61,12.62,21.48
Margi? g.10a-305,0882,120561,25.74,7.28,18.46,33.82
Margi? g.10a-402,0883,120562,25.35,7.21,18.14,33.85
Margi? g.10a-406,0884,120563,28.53,10.08,18.45,33.67
Margi? g.10a-408,0885,120564,26.42,7.41,19.01,33.93
Margi? 10a-503,0886,120565,26.19,6.73,19.46,33.86
Margi? g.10a-505,0887,120567,27.05,5.40,21.65,34.22
Margi? g.10a-506,0888,120568,20.11,5.74,14.37,33.89
Radviliškio g.64-41,0889,120569,36.48,8.14,28.34,35.50
Margi? g.10a-508a,0890,120570,15.46,4.40,11.06,20.01
Margi? g.10a-510b,0891,120571,10.89,1.84,9.05,14.10
Margi? g.10a-511,0892,120572,0.01,0.01,,33.83
Margi? g.10a-512,0893,120574,26.24,7.37,18.87,34.22
Margi? g.10a-515,0894,120575,26.80,7.49,19.31,34.45
Margi? 10a-212,0895,120576,26.69,7.47,19.22,34.02
Margi? g.10a-213,0896,120577,17.45,4.87,12.58,21.10
Margi? g.10a-215,0897,120578,26.95,7.50,19.45,34.39
Radviliškio g.64-47,0898,120580,55.73,12.66,43.07,52.95
Margi? g.10a-103,0899,120581,19.60,5.63,13.97,23.60
Margi? g.10a-202b,0900,120582,10.82,2.99,7.83,14.07
Margi? g.10a-513,0901,120583,17.23,4.74,12.49,21.15
Margi? g.10a-517a,0902,120585,11.00,3.16,7.84,20.20
Medelyno g.5-306a,0904,120587,71.06,13.65,57.41,19.91
Medelyno g.5-308a,0905,120588,73.44,14.09,59.35,20.35
Medelyno g.5-402b,0906,120589,53.89,10.32,43.57,13.23
Medelyno g.5-405a,0907,120590,97.72,18.70,79.02,19.14
Medelyno g.5-500,0908,120591,36.07,6.80,29.27,8.88
Medelyno g.5-508a,0909,120593,74.67,14.30,60.37,19.43
Medelyno g.5-508b,0910,120594,58.15,11.28,46.87,14.65
Varpo g.57-4,0911,120595,25.80,6.62,19.18,17.77
Varpo g.57-13,0912,120596,51.29,13.38,37.91,35.34
Varpo g.57-26,0913,120597,23.98,6.25,17.73,18.13
Varpo g-57-30,0914,120598,23.57,6.05,17.52,17.95
Varpo g .57-50,0915,120599,23.25,6.00,17.25,17.62
Varpo g.57-63,0916,120600,46.89,12.21,34.68,35.54
Varpo g.57-72,0917,120601,23.60,6.06,17.54,17.80
Varpo g.57-77,0918,120602,23.12,5.98,17.14,17.44
Dubijos g.31-19,0919,120603,11.74,4.95,6.79,28.96
Radviliškio g.70-15,0920,120604,15.67,3.69,11.98,29.59
Varpo g.57-86,0921,120605,45.51,11.77,33.74,34.34
Varpo g.57-88,0922,120606,23.00,5.97,17.03,17.92
Varpo g.57-118,0923,120607,23.60,6.06,17.54,17.83
?iurlionio g.16-96,0924,120608,80.44,70.56,9.88,17.02
?iurlionio g.16-97,0925,120609,84.00,62.17,21.83,17.14
?iurlionio g.16-98,0926,120610,86.97,64.45,22.52,17.75
?iurlionio g.16-99,0927,120613,86.97,64.45,22.52,17.75
?iurlionio g.16-65,0928,120614,86.73,64.31,22.42,17.67
?iurlionio g.16-70,0929,120615,89.83,66.58,23.25,17.02
?iurlionio g.16-78,0930,120617,93.99,69.60,24.39,17.81
Radviliškio g.72-36,0931,120618,0.01,0.01,,50.70
?iurlionio g.16-100,0932,120619,86.97,64.45,22.52,17.75
?iurlionio g.16-104,0933,120620,86.97,64.45,22.52,17.75
?iurlionio g.16-106,0934,120621,86.97,64.45,22.52,17.75
?iurlionio g.16-107,0935,120622,87.29,64.66,22.63,17.81
?iurlionio g.16-108,0936,120623,86.94,64.43,22.51,17.81
?iurlionio g. 16-111,0937,120624,86.97,64.45,22.52,17.75
?iurlionio g.16-115,0938,120625,85.71,63.48,22.23,17.55
?iurlionio g.16-116,0939,120626,86.69,64.27,22.42,17.69
?iurlionio g.16-118,0940,120627,169.56,125.93,43.63,35.78
?iurlionio g.16-46,0941,120628,82.88,14.21,68.67,17.72
Radviliškio g.76-43,0942,120629,29.54,11.27,18.27,63.39
?iurlionio g.16-119,0943,120630,0.01,0.01,,17.55
?iurlionio g.16-121,0944,120631,0.01,0.01,,17.60
Radviliškio g.124,0945,120632,"15,881.75","8,685.93","7,195.82",740.71
Radviliškio g.78-30,0946,120640,12.94,4.67,8.27,29.01
Spindulio g.6-10,0948,120655,"7,530.12","1,116.81","6,413.31",57.57
Geguži? g.85-17,0949,120658,"7,917.49","1,262.83","6,654.66",36.16
"Vilniaus g. 4, 47/100",0950,120659.,"3,842.97","3,842.97",,64.43
Aukštoji g.20-8,0951,120660,46.34,35.14,11.20,46.73
Aušros al?ja 13-16,0952,120664,14.19,8.49,5.70,66.57
Aušros al?ja 41-28,0953,120666,13.61,8.37,5.24,32.51
Birštono g.7-4,0954,120667,16.80,16.80,,36.33
"Radviliškio g.80-5, 68/100",0956,120669,24.90,9.11,15.79,73.32
Dvaro g.147-4,0958,120671,21.14,3.40,17.74,46.61
Lukšio g.8-14,0959,120672,24.62,15.09,9.53,32.06
Spindulio g.10-21,0960,120673,61.14,24.11,37.03,77.26
Spindulio g.12-8,0961,120674,44.02,11.32,32.70,43.43
Spindulio g 12-14,0962,120675,59.08,8.75,50.33,36.62
Šalkauskio g.12-7,0963,120676,18.54,2.70,15.84,37.17
Šalkauskio g.7-5,0964,120677,13.90,7.24,6.66,30.46
Talšos g.2-38,0965,120678,9.56,5.75,3.81,43.90
Radviliškio g.80-28,0966,120679,0.01,0.01,,50.10
Trak? g.23-33,0967,120680,15.35,8.01,7.34,41.23
Trak? g.23-45,0968,120681,15.35,8.01,7.34,40.98
Trak? g.27-39,0969,120682,15.35,8.15,7.20,43.82
Tilž?s g.169-43,0970,120684,13.61,6.05,7.56,30.45
Tilž?s g.269-1,0971,120685,10.72,6.00,4.72,14.94
Tilž?s g.269-5,0972,120686,11.30,6.54,4.76,15.57
Radviliškio g.92-10,0975,120689,39.03,16.97,22.06,45.64
Tilž?s g.260-4,0976,120691,9.27,9.27,,32.22
Tilž?s g.260-3,0977,120692,21.14,21.14,,37.44
Radviliškio g.92-15,0978,120693,28.00,12.06,15.94,44.95
Žemait?s g.56-17,0984,120700,27.22,11.88,15.34,43.37
Radviliškio g.92-31,0986,120703,65.45,28.91,36.54,69.91
Žemait?s g.66-8,0987,120705,15.06,7.87,7.19,41.29
?kalovo g.24-4,0991,120710,6.05,2.04,4.01,43.59
?kalovo g.23-4,0990,120713,6.05,2.04,4.01,44.95
?kalovo g.22-1,0989,120714,6.05,3.33,2.72,36.18
?kalovo g.28-1,0993,120716,9.13,5.03,4.10,42.96
?kalovo g. 30-2,0995,120719,0.29,,0.29,33.92
?kalovo g.31-4,0996,120721,6.05,1.94,4.11,42.93
?kalovo g.28-3,0994,120722,6.05,3.26,2.79,35.26
?kalovo g.37,1000,120727,6.05,3.26,2.79,160.60
?kalovo g.35-4,0999,120728,5.96,3.24,2.72,27.79
Radviliškio g.92-45,0998,120729,21.53,9.21,12.32,25.43
?kalovo g.35-1,0997,120730,6.84,3.79,3.05,32.82
?kalovo g.41-1,1002,120733,8.13,4.41,3.72,44.64
?kalovo g.39-1,1001,120734,9.86,5.42,4.44,47.31
Radviliškio g.96-14,1003,120736,23.20,11.95,11.25,39.25
?kalovo g.43-2,1005,120739,8.13,4.41,3.72,34.89
?kalovo g.43-1,1004,120740,6.05,3.26,2.79,43.69
Draugyst?s g.3a-73,1007,120743,8.72,4.62,4.10,15.41
Draugyst?s g.3a-33,1006,120744,9.32,4.70,4.62,16.08
Radviliškio g.100-11,1009,120747,15.93,5.27,10.66,29.11
Geguži? g.51-205A,1017,120756,13.53,4.65,8.88,20.36
Radviliškio g.102-26,1018,120758,8.65,3.27,5.38,26.21
?kalovo g.43-3,1016,120759,6.05,3.26,2.79,42.83
?kalovo g.21-2,1015,120760,6.05,3.33,2.72,38.63
?kalovo g.20-4,1014,120761,6.05,4.33,1.72,36.68
?kalovo g.18-1,1013,120762,6.05,3.33,2.72,39.65
Žali?ki? g.152,1021,120766,8.40,5.78,2.62,60.01
Geguži? g.45-203,1028,120774,766.45,113.08,653.37,50.11
Gumbin?s g.114-506,1033,120780,79.96,22.69,57.27,19.72
Basanavi?iaus g.51-304,1036,120784,54.79,18.11,36.68,10.88
Vytauto g.263-16,1039,120787,24.24,8.64,15.60,18.44
Tilž?s g.28-1b,1040,120788,23.76,4.01,19.75,35.34
Vytauto g.263-26a,1038,120789,17.55,6.12,11.43,14.13
Tilž?s g.28-27,1041,120790,11.03,1.94,9.09,17.72
Vytauto g.263-20,1037,120791,25.35,9.00,16.35,19.28
Tilž?s g.28-110,1042,120792,23.41,3.98,19.43,35.52
Tilž?s g.28-117,1043,120793,23.21,3.96,19.25,34.48
Tilž?s g.28-127,1044,120794,22.41,3.90,18.51,35.14
Basanavi?iaus g.74-1,1045,120795,"24,892.00","3,660.97","21,231.03",65.33
Basanavi?iaus g.74-3,1046,120796,"16,594.67","2,440.58","14,154.09",50.90
Basanavi?iaus g.74-4,1047,120797,"16,594.67","2,440.58","14,154.09",52.48
Basanavi?iaus g.74-6,1049,120799,"8,297.34","1,220.27","7,077.07",37.68
Basanavi?iaus g.74-7,1050,120800,"16,594.67","2,440.58","14,154.09",50.18
Basanavi?iaus g.74-9,1051,120801,"24,892.00","3,660.97","21,231.03",64.71
Basanavi?iaus g.74-10,1052,120802,"8,297.34","1,220.27","7,077.07",37.48
Basanavi?iaus g.74-13,1053,120803,"24,892.00","3,660.97","21,231.03",65.08
Basanavi?iaus g.74-17,1054,120804,"24,892.00","3,660.97","21,231.03",65.31
Basanavi?iaus g.74-18,1055,120805,"8,297.34","1,220.27","7,077.07",37.73
Basanavi?iaus g.74-19,1056,120806,"16,594.67","2,440.58","14,154.09",51.17
Basanavi?iaus g.74-20,1057,120807,"16,594.67","2,440.58","14,154.09",51.43
Basanavi?iaus g.51-402,1035,120808,61.68,20.41,41.27,10.53
Dubijos g.31-96,1058,120809,12.78,5.34,7.44,47.70
Radviliškio g.106-23,1059,120810,15.74,6.31,9.43,28.46
Basanavi?iaus g.74-22,1060,120811,"16,594.67","2,440.58","14,154.09",50.96
Basanavi?iaus g 74-23,1061,120812,"33,189.34","4,881.41","28,307.93",77.57
Basanavi?iaus g.74-24,1062,120813,"16,594.67","2,440.58","14,154.09",50.48
Basanavi?iaus g.74-25,1063,120814,"16,594.67","2,440.58","14,154.09",50.30
Basanavi?iaus g.74-26,1064,120815,"33,189.34","4,881.41","28,307.93",78.32
Basanavi?iaus g.74-28,1065,120816,"16,594.67","2,440.58","14,154.09",50.67
Basanavi?iaus g.74-30,1066,120817,"16,594.67","2,440.58","14,154.09",50.69
Basanavi?iaus g.74-31,1067,120818,"16,594.67","2,440.58","14,154.09",50.35
Basanavi?iaus g.74-32,1068,120819,"33,189.34","4,881.41","28,307.93",77.81
Basanavi?iaus g.74-33,1069,120820,"16,594.67","2,440.58","14,154.09",49.78
Basanavi?iaus g.51-322,1034,120821,76.54,25.41,51.13,13.09
Basanavi?iaus g.74-34,1070,120822,"16,594.67","2,440.58","14,154.09",49.95
Basanavi?iaus g.74-35,1071,120823,"33,189.34","4,881.41","28,307.93",78.34
Basanavi?iaus g.74-36,1072,120824,"33,189.34","4,881.41","28,307.93",77.94
Basanavi?iaus g.74-38,1073,120825,"16,594.67","2,440.58","14,154.09",49.50
Basanavi?iaus g.74-40,1074,120826,"16,594.67","2,440.58","14,154.09",50.17
Radviliškio g.102-38,1032,120827,19.69,7.36,12.33,59.62
Basanavi?iaus g.74-47,1075,120828,"16,594.67","2,440.58","14,154.09",48.85
Basanavi?iaus g.74-48,1076,120829,"33,189.34","4,881.41","28,307.93",78.01
Basanavi?iaus g.74-49,1077,120830,"16,594.85","2,440.77","14,154.08",50.05
Basanavi?iaus g.74-50,1078,120831,"16,594.67","2,440.58","14,154.09",48.67
"Radviliškio g.108-9, 450/1000",1079,120832,7.09,4.95,2.14,81.23
Tilž?s g.175-93,1080,120833,47.79,4.93,42.86,44.13
Gumbin?s g.114-103,1030,120837,55.69,15.85,39.84,13.88
Birut?s g.40a-2,1084,120839,35.03,20.30,14.73,21.30
Birut?s g.40a-3,1085,120840,24.13,13.92,10.21,23.33
Birut?s 40a-7,1086,120841,75.33,43.64,31.69,22.08
Birut?s g.40a-8,1087,120842,75.33,43.64,31.69,23.73
Radviliškio g.108-11,1088,120843,16.81,12.08,4.73,80.08
Gumbin?s g.114-102,1029,120844,80.11,22.70,57.41,19.97
Tilž?s g.36-131,1026,120845,45.04,6.51,38.53,17.87
Tilž?s g.36-120,1025,120846,44.49,6.49,38.00,17.73
Basanavi?iaus g.45-5,1089,120847,49.76,29.22,20.54,34.54
Basanavi?iaus g. 45-4,1090,120847/1,32.98,19.12,13.86,22.89
Basanavi?iaus g.56-1,1091,120848,81.09,47.92,33.17,55.80
Basanavi?iaus g.81-2,1092,120849,26.08,17.18,8.90,20.41
Basanavi?iaus g.81-4,1093,120850,14.56,10.37,4.19,12.24
Basanavi?iaus g. 81-3,1094,120850/1,17.14,11.25,5.89,14.40
Basanavi?iaus g.81-5,1095,120851,42.07,25.77,16.30,30.29
Basanavi?iaus g.146-11,1096,120852,64.14,33.83,30.31,73.02
Basanavi?iaus g.146a-1,1097,120853,45.79,23.96,21.83,58.56
Tilž?s g.36-113,1024,120854,44.53,6.49,38.04,17.57
Basanavi?iaus g.146-8,1098,120855,22.28,11.56,10.72,72.52
Basanavi?iaus g.146c-6,1099,120856,3.81,1.07,2.74,11.25
Basanavi?iaus g.146c-9,1100,120857,12.56,3.36,9.20,39.20
Basanavi?iaus g.146c-16,1101,120858,4.81,1.16,3.65,14.70
Basanavi?iaus g.148-6,1102,120859,37.09,9.99,27.10,78.20
Radviliškio g.116-5,1103,120860,13.27,5.36,7.91,29.32
Basanavi?iaus g.148a-1,1104,120861,33.17,9.07,24.10,55.22
Tilž?s g 36-21,1023,120862,41.69,6.18,35.51,17.23
Radviliškio g.102-32,1022,120863,19.70,7.36,12.34,56.97
Basanavi?iaus 148b-8,1105,120864,41.37,11.33,30.04,61.04
Basanavi?iaus g.152-3,1106,120865,56.14,24.43,31.71,32.18
Basanavi?iaus g.154-4,1107,120866,49.45,21.25,28.20,26.90
Aušros al?ja76a,1108,120867,153.30,127.78,25.52,120.53
Margi? g.24-2,1020,120868,0.87,0.68,0.19,49.40
Trak? g.7-30,1019,120869,6.95,2.82,4.13,43.70
"Aušros al?ja 78, 76/100",1109,120870,91.45,67.04,24.41,91.39
Vilniaus g.20-8,1110,120871,59.36,17.65,41.71,53.36
?kalovo g.17-4,1012,120872,6.05,3.33,2.72,37.09
?kalovo g.15-4,143,120873,7.52,4.23,3.29,60.23
Bielskio g.10-2,1111,120874,40.91,29.12,11.79,25.67
?kalovo g.14-4,1010,120875,6.05,3.33,2.72,42.83
Bielskio g.10-4,1112,120876,36.42,15.45,20.97,26.48
?kalovo g.12-2,1008,120877,6.05,3.33,2.72,36.88
Dvaro  g.123-14,0988,120878,10.14,1.53,8.61,26.08
Bielskio g.51b-3,1113,120879,46.85,19.41,27.44,33.86
Bielskio g.51b-5,1114,120880,40.07,16.83,23.24,27.72
Bielskio g.51b-6,1115,120881,48.77,20.24,28.53,33.96
Vilniaus g.20-21,1116,120882,85.87,25.44,60.43,77.09
Bielskio g.51c-5,1117,120883,44.23,18.51,25.72,28.08
P.Cvirkos g.64-35,1118,120884,17.25,5.86,11.39,44.07
"P.Cvirkos g.64-75, 54/100",1119,120885,9.29,5.18,4.11,44.51
"P.Cvirkos g.64-93, 48/100",1120,120886,8.28,5.77,2.51,44.18
L.Giros g.4-2,1121,120887,73.10,73.10,,60.27
Dvaro g.51-9,1122,120888,87.43,39.13,48.30,56.56
Dvaro g.64-14,1123,120889,15.68,6.23,9.45,12.89
Dvaro g.64-21,1124,120890,31.92,12.40,19.52,26.24
Dubijos g.31-63,0985,120891,18.03,7.54,10.49,48.15
Varpo g.35-80,0983,120892,8.69,4.26,4.43,15.48
Dvaro g.64-38,1125,120893,32.01,12.57,19.44,26.33
Dvaro g.64-48,1126,120894,15.62,6.20,9.42,12.84
Dvaro g.64-52,1127,120895,15.33,6.11,9.22,13.14
Dvaro g.64-59,1128,120896,15.35,5.95,9.40,12.62
Dvaro g.64-65,1129,120897,29.52,11.97,17.55,24.27
Varpo g.35-75,0982,120898,8.40,3.91,4.49,14.81
Dvaro g.64-79,1130,120899,31.36,12.56,18.80,25.78
Varpo g.35-74,0981,120900,8.69,4.29,4.40,15.48
Dvaro g.64-92,1131,120901,15.30,6.70,8.60,12.58
Dvaro g.64-99,1132,120902,29.91,12.15,17.76,24.59
Varpo g.35-40,0980,120903,8.69,4.30,4.39,15.52
Dvaro g.64-151,1133,120904,15.78,6.75,9.03,12.97
Vilniaus g.21-8,1134,120905,21.37,7.35,14.02,33.92
Dvaro g.64-158,1135,120906,15.38,6.70,8.68,12.64
Dvaro g.64-164,1136,120907,15.25,5.77,9.48,12.14
Dvaro g.64-187,1137,120908,31.58,12.43,19.15,25.96
Dvaro g.64-196,1138,120909,15.68,6.16,9.52,12.89
Dvaro g.64-199,1139,120910,31.68,24.69,6.99,26.04
Dvaro g.169-4,1140,120911,91.12,42.78,48.34,49.75
Varpo g.33-22,0979,120912,9.56,5.73,3.83,41.21
"Dvaro g.173,-6",1141,120913,96.72,46.47,50.25,51.14
Dvaro g.175-4,1142,120914,58.04,27.14,30.90,23.16
Vilniaus g.34-30,1144,120917,37.14,11.74,25.40,52.29
Liep? g.20-5,1146,120921,63.94,28.23,35.71,32.30
Liep? g.22-1,1147,120922,58.80,25.95,32.85,31.76
Mickevi?iaus g.14-5,1148,120923,67.92,44.43,23.49,35.66
Mickevi?iaus g.19-47,1150,120924,70.34,24.73,45.61,44.47
Mickevi?iaus g.36-5,1151,120925,21.62,11.23,10.39,31.55
Vilniaus  g.40-10,1152,120926,45.83,12.23,33.60,78.49
Marijampol?s g.63-1,1153,120927,20.90,13.16,7.74,66.59
Mickevi?iaus g.32-3,1149,120929,30.70,15.70,15.00,37.02
Tilž?s g.61-4,1155,120929a,"22,578.40","3,967.97","18,610.43",52.89
Mickevi?iaus g.19-97,1145,120930,56.07,22.02,34.05,44.35
Sodo g.2a-1,1157,120931,41.20,20.02,21.18,20.56
Sodo 2a-4,1158,120933,49.41,23.48,25.93,24.15
Sodo g.2A-6,1159,120934,42.01,20.43,21.58,20.53
Sodo g.2a-11,1160,120935,46.32,22.19,24.13,22.65
Sodo g.2b-2,1161,120938,68.34,35.26,33.08,38.91
Sodo 2b-5,1162,120939,51.48,26.35,25.13,35.14
Sodo 2b-10,1163,120940,50.94,24.33,26.61,28.24
Sodo 2b-12,1164,120941,40.10,19.25,20.85,23.28
Sodo g.4-13,1165,120943,57.27,27.62,29.65,29.25
Sodo g.4-14,1166,120944,36.61,17.41,19.20,19.62
Sodo g.6-1,1167,120945,35.30,17.48,17.82,18.55
Sodo g.6-14,1168,120946,37.43,17.93,19.50,20.06
Sodo g.6-16,1169,120947,64.02,30.95,33.07,35.23
"Vytauto g.58-11, 35/100",1170,120948,6.35,3.20,3.15,36.93
Sodo g.6a-1,1171,120949,37.22,17.65,19.57,20.15
Sodo g.6a-3,1172,120950,46.77,22.79,23.98,24.33
Sodo  g.6a-4,1173,120951,39.37,18.84,20.53,23.45
Sodo g.6a-14,1174,120952,36.20,22.93,13.27,19.67
"Sodo g,8-6",1175,120953,39.28,19.08,20.20,22.18
Sodo g.8-7,1176,120954,86.30,41.55,44.75,45.38
Geležinkelio 24-4,1177,120956,91.66,39.03,52.63,49.48
Tilž?s g.101-2,1178,120959,58.93,27.78,31.15,37.41
Tilž?s g.107-76,1179,120960,38.91,14.85,24.06,20.10
Tilž?s g.107-79,1180,120961,39.81,5.88,33.93,26.72
Tilž?s g.134-4,1181,120962,87.58,28.81,58.77,45.74
Tilž?s g.134-9,1182,120963,81.54,26.73,54.81,42.12
Tilž?s g.134-15,1183,120964,84.66,27.78,56.88,43.73
Vytauto g.61-25,1184,120967,20.55,10.53,10.02,42.48
Varpo g.7-15,1185,120969,47.33,20.24,27.09,36.68
Vilniaus g.258-35,1186,120974,16.00,7.66,8.34,44.42
Vilniaus g.277-5,1187,120975,44.76,27.10,17.66,32.18
Vilniaus g.277-6,1188,120976,54.88,33.50,21.38,39.42
Vilniaus g.277-7,1189,120977,43.65,26.50,17.15,31.40
Vilniaus g.277-8,1190,120978,61.76,29.44,32.32,44.43
Valan?iaus g.29-1,1191,120980,20.53,13.12,7.41,67.45
Valan?iaus g.29-2,1192,120981,20.18,12.93,7.25,59.06
Vytauto g.61-40,1195,120984,20.26,10.40,9.86,41.94
Vytauto g.102-15,1196,120987,31.22,13.38,17.84,39.51
Vytauto g.131-95,1197,120988,65.10,25.35,39.75,49.12
Vytauto g.131-96,1198,120989,63.13,24.76,38.37,47.63
Vytauto g.150-54,1199,120990,17.96,7.89,10.07,36.52
Žemait?s g.75-1,1200,120991,55.41,26.54,28.87,44.02
Žemait?s g.75-2,1201,120992,68.10,32.72,35.38,54.55
Žemait?s g.75-3,1202,120993,55.72,26.85,28.87,44.28
Vytauto g.61-42,1203,120994,19.76,10.15,9.61,40.86
Ba?i?n? g.46-2,1204,120996,7.06,4.28,2.78,9.48
Ba?i?n? g.58-7,1205,120997,11.88,7.36,4.52,22.29
Ba?i?n? g.58-11,1206,120998,12.07,7.26,4.81,22.94
Ba?i?n? g.Nr.58E-1,1207,120999,53.45,43.37,10.08,50.30
Ba?i?n? g.Nr.58E-3,1210,121000,34.93,28.45,6.48,30.85
?kalovo g.1-4,1211,121002,8.13,4.49,3.64,45.48
?kalovo g.2-1,1212,121003,8.36,6.06,2.30,36.51
Vytauto g.65-34,1213,121004,18.01,9.12,8.89,41.86
?kalovo g.4-1,1214,121005,8.13,4.49,3.64,44.62
?kalovo g.5-1,1215,121006,6.05,3.33,2.72,28.55
?kalovo g.5-2,1216,121007,6.05,3.33,2.72,35.98
?kalovo g.6-3,1217,121008,8.13,4.70,3.43,56.55
?kalovo g.7-3,1218,121009,8.13,4.49,3.64,60.28
?kalovo g.7-4,1219,121010,8.13,4.49,3.64,56.44
Vytauto g.65-43,1220,121013,17.90,9.11,8.79,42.24
Vytauto g.67-54,1221,121014,19.75,10.07,9.68,41.59
Vytauto g.80-56,1222,121016,2.90,1.87,1.03,37.68
Višinskio g.32-11,1223,121020,13.80,6.62,7.18,36.91
Žalgirio g.2-7,1224,121021,7.39,3.66,3.73,24.64
Sodo g.6-10,1225,121022,0.01,0.01,,29.42
Gardino g.4-216a,1226,121023,42.18,5.76,36.42,19.86
Gytari? g.43-17,1227,121025,443.58,96.45,347.13,36.11
N.Ryto takas g.4-59 (49/100),1228,121027,9.34,3.45,5.89,47.85
Varpo  g.35-43,1229,121028,8.69,1.11,7.58,15.05
Dvaro g.64-71,1230,121033,15.76,6.49,9.27,12.96
Pirties g.9-25,1231,121035,0.01,0.01,,50.70
Vilniaus g.23-3,1232,121036,1.00,1.00,,52.09
Sodo g.2b-14,1233,121037,0.01,0.01,,20.71
Tilž?s g.107-55,1234,121038,0.01,0.01,,26.81
Vytauto g.131-17,1235,121039,0.01,0.01,,46.58
Draugyst?s pr.21-50,1236,121042,4.94,1.68,3.26,10.59
Medelyno g.7-206,1237,121043,7.71,4.25,3.46,22.46
Dain? g.41-29,1238,121044,16.93,5.03,11.90,35.94
Gardino g.19-15,1239,121045,29.43,8.26,21.17,50.14
Tilž?s g.61a-6,1240,121046,"14,112.48","2,573.54","11,538.94",35.37
Gytari? g.43-41,1241,121047,683.03,135.75,547.28,50.17
Dain? g.18-44,1242,121048,18.73,4.76,13.97,36.07
Radviliškio g.64-58,1243,121050,55.72,12.66,43.06,52.30
Topoli? g.8-5,1244,121052,9.85,6.97,2.88,30.64
Topoli? g.8-10,1245,121053,11.58,7.33,4.25,46.41
Draugyst?s g.3a-7,1246,121054,8.96,4.58,4.38,15.47
Tilž?s g.28-52,1247,121055,10.89,1.94,8.95,17.48
Tilž?s g.28-108,1248,121056,11.40,1.97,9.43,17.29
Tilž?s g.28-83,1249,121057,11.22,1.96,9.26,17.30
Basanavi?iaus g.146a-13,1250,121060,36.08,18.94,17.14,27.93
Basanavi?iaus g.148-2,1251,121061,57.79,15.41,42.38,70.48
Basanavi?iaus g.148-11,1252,121062,37.09,9.53,27.56,70.22
"Dvaro g.47-12, 34/100",1253,121064,38.79,17.24,21.55,74.33
Mickevi?iaus g.19-66,1254,121065,70.40,24.75,45.65,44.51
Šatrijos g.Nr.8,1255,121071,145.51,82.87,62.64,110.47
Vytauto g.58-28,1256,121072,20.75,10.85,9.90,41.40
Ba?i?n? g.Nr.54-1,1257,121075,11.42,7.00,4.42,26.59
Vytauto g.67-38,1258,121076,19.33,2.79,16.54,40.72
Tilž?s g.61b-12,1259,121183,"18,746.56","3,563.88","15,182.68",53.71
?kalovo g.33-1,1260,121184,9.80,5.40,4.40,47.03
Tilž?s g.107-14,1261,121186,39.21,14.76,24.45,20.33
Radviliškio g.98-48,1262,121188,0.01,0.01,,50.14
Margi? g.10a-317,1263,121190,29.18,3.93,25.25,33.99
V. Grinkevi?iaus 18-83,1264,121191,"5,908.25",815.41,"5,092.84",50.47
Lyros 7-29,1265,121196,"5,792.40",799.33,"4,993.07",31.58
Geguži? 47-69,1267,121199,"6,024.10",831.38,"5,192.72",52.15
Tilž?s 67A-8,1268,121200,"5,363.47",740.22,"4,623.25",34.31
Gardino 19-16,1269,121201,"6,294.60",868.71,"5,425.89",63.82
Dain? 10-30,1270,121203,"6,255.79",863.30,"5,392.49",63.82
Architekt? 50-40,1271,121204,"6,695.73",924.10,"5,771.63",36.22
Tilž?s 169-39,1272,121205,"7,240.50",999.26,"6,241.24",61.99
Lyros 5-39,1273,121206,"7,276.99","1,004.27","6,272.72",49.29
Ežero 2-21,1274,121207,"6,406.11",884.20,"5,521.91",44.89
Spindulio 12-39,1275,121208,"4,813.77",664.31,"4,149.46",36.76
Geguži? 70-11,1276,121209,"4,089.15",564.35,"3,524.80",33.51
Gardino 37-21,1277,121210,"5,249.65",724.40,"4,525.25",47.96
Geguži? 82-42,1278,121211,"5,250.23",724.66,"4,525.57",50.15
A. Mickevi?iaus 19-23,1279,121212,"5,899.27",814.11,"5,085.16",44.38
Tilž?s 169-12,1280,121213,"5,711.02",788.10,"4,922.92",44.50
Pirties 9-35,1281,121214,"7,857.10","1,084.41","6,772.69",51.79
Architekt? 4-38,1282,121215,"6,697.75",924.33,"5,773.42",49.02
Korsako 37-24,1283,121217,"4,525.89",624.59,"3,901.30",39.92
Sevastopolio 11-36,1284,121218,"7,278.44","1,004.50","6,273.94",62.99
Tilž?s g. 52-13,1285,121231,10.76,1.20,9.56,17.88
Tilž?s g. 52-49,1286,121232,10.93,1.34,9.59,18.16
Tilž?s g. 52-55,1287,121233,11.04,1.34,9.70,18.34
Tilž?s g. 52-61,1288,121234,10.46,1.19,9.27,17.38
Tilž?s g. 52-62,1289,121236,10.74,1.20,9.54,17.84
Tilž?s g. 52-77,1290,121237,10.76,1.20,9.56,17.88
Tilž?s g. 52-93,1291,121238,21.80,2.64,19.16,36.22
Tilž?s g. 52-132,1292,121239,10.98,1.34,9.64,18.25
Geguži? 64-27,1293,121243,"4,836.65",547.06,"4,289.59",32.90
Rasos g. 9-67,1294,121248,"9,302.30","1,050.82","8,251.48",44.15
Kvie?i? g.6-13,1295,121250,"9,065.35","1,022.74","8,042.61",50.17
Gardino 23-106,1296,121251,"9,441.85","1,065.02","8,376.83",49.97
Dain? g.84-32,1297,121252,"10,542.41","1,189.38","9,353.03",51.31
Dain? g.68-10,1298,121253,"10,745.14","1,212.19","9,532.95",50.40
Liepori? 3-82,1299,121254,"5,589.91",630.55,"4,959.36",29.06
Geguži? 13-41,1300,121255,"6,545.65",738.46,"5,807.19",30.98
Radviliškio g. 98-58,1301,121256,"9,007.42","1,033.77","7,973.65",51.57
 Aido g.37-35,1302,121257,"13,062.10","1,473.31","11,588.79",75.42
 Gytari? g. 10-14,1303,121258,"7,414.51",836.50,"6,578.01",36.16
Korsako g. 45-29,1304,121259,"6,980.08",787.49,"6,192.59",36.20
Liepori? g. 19-46,1305,121260,"8,862.61",999.87,"7,862.74",43.35
Dain? g. 21-32,1306,121261,"20,017.04","2,285.02","17,732.02",50.21
Korsako g. 20-1,1307,121262,"20,596.58","2,351.12","18,245.46",50.37
Rasos g. 26-11,1308,121263,"12,772.48","1,458.02","11,314.46",30.17
Dain? g. 52-17,1309,121264,"20,016.53","2,284.87","17,731.66",50.32
Gytari? g. 33-7,1310,121265,"23,785.21","2,715.09","21,070.12",67.63
Lyros g.2-25,1311,121266,"24,362.27","2,780.96","21,581.31",63.74
Tilž?s g. 32-5,1312,121267,"13,583.42","1,550.45","12,032.97",30.34
Sevastopolio g. 3-13,1313,121268,"49,235.40","4,068.94","45,166.46",49.94
Krymo g. 16-68,1314,121269,"49,959.45","4,161.43","45,798.02",50.28
Vytauto g. 102-7,1322,1240,31.52,3.50,28.02,39.90
Dvaro 64-93,1323,1241,15.38,1.74,13.64,12.65
Pitmiškio 3-9,1324,1244,483.67,54.56,429.11,26.05
Pitmiškio 3-10,1325,1245,573.45,64.77,508.68,30.96
Pitmiškio 3-12,1326,1246,"1,207.72",136.56,"1,071.16",75.91
Geguži? g. 58-19,1327,1248,"7,674.93",865.58,"6,809.35",35.98
Spindulio g. 6-41,1328,1249,"10,426.32","1,175.85","9,250.47",64.38
K.Korsako 53-10,1331,1250,"27,513.90","2,552.21","24,961.69",50.53
Tilž?s g. 32-16,1332,1251,"25,486.56","2,364.36","23,122.20",47.97
Geguži? g. 77-16,1333,1252,"35,912.88","3,331.52","32,581.36",63.96
Pirties g. 9-40,1334,1253,"24,472.89","2,263.10","22,209.79",51.12
Liepori? g.  9-21,1335,1254,"32,727.06","3,026.52","29,700.54",61.95
Aido g. 3-20,1336,1255,"28,382.76","2,624.71","25,758.05",51.19
Gardino g. 7-20,1337,1258,"18,825.30","1,728.59","17,096.71",35.75
Rasos g. 24-48,1340,1264,"33,306.30","3,036.59","30,269.71",61.32
Architekt? g. 16-2,1341,1268,"20,418.21","1,848.12","18,570.09",35.82
Dariaus ir Gir?no 10-88,1344,1270,"18,246.06","1,639.66","16,606.40",30.37
Vytauto g. 263-83,1345,1271,49.14,13.47,35.67,55.84
Vytauto g. 263-84,1346,1272,29.60,8.07,21.53,33.63
Vytauto g. 263-85,1347,1273,30.84,8.48,22.36,35.05
Vytauto g. 263-86,1348,1274,30.35,8.22,22.13,34.48
Vytauto g. 263-87,1349,1275,30.20,8.18,22.02,34.32
Vytauto g. 263-88,1350,1276,19.75,5.41,14.34,22.44
Vytauto g. 263-89,1351,1277,29.82,8.11,21.71,33.80
Vytauto g. 263-90,1352,1278,29.75,8.10,21.65,33.81
Vytauto g. 263-91,1353,1279,26.68,7.23,19.45,30.32
Vytauto g. 263-93,1357,1281,29.91,8.13,21.78,33.98
Vytauto g. 263-94,1358,1282,30.14,8.18,21.96,34.25
Vytauto g. 263-95,1359,1283,30.49,8.24,22.25,31.64
Vytauto g. 263-96,1360,1284,28.91,7.94,20.97,32.85
Vytauto g. 263-97,1361,1285,14.67,3.94,10.73,16.67
Rasos g. 24-54,1362,1286,"31,858.20","2,816.76","29,041.44",61.32
Dain? g. 56-4,1363,1287,"19,404.54","1,715.71","17,688.83",35.98
Vytauto g. 263-92,1356,1288,30.22,8.15,22.07,34.40
Kauno g. 22 A-10,1364,1289,"12,453.66","1,088.99","11,364.67",48.16
Geguži? g. 49 a-8a,1397,130078,34.90,19.74,15.16,8.17
Medelyno g. 7-7,1424,130176,2.44,1.36,1.08,7.86
Ba?i?n? g. 46-3,1426,130187,19.08,1.83,17.25,27.36
Dain? g. 84-47,1427,130187.,"51,552.36","4,204.58","47,347.78",51.31
Radviliškio g. 96-30,1428,130188.,"32,379.52","2,640.89","29,738.63",32.00
Radviliškio g. 106-13,1429,130189.,"50,451.81","4,114.74","46,337.07",49.94
Krymo g. 36-14,1430,130190.,"36,492.12","2,976.24","33,515.88",36.16
Krymo g. 2-59,1432,130191.,"36,492.12","2,947.29","33,544.83",36.08
Dariaus ir Gir?no g. 20-71,1433,130192.,"53,869.32","4,351.00","49,518.32",47.81
Kvie?i? g. 20-18,1435,130193.,"55,607.04","4,491.31","51,115.73",50.51
Lyros g. 28-74,1437,130194.,"53,579.70","4,327.57","49,252.13",50.28
Dain? g. 50-2,1441,130196.,"53,290.08","4,269.29","49,020.79",51.78
Architekt? g. 36-5,1442,130197.,"40,401.99","3,236.81","37,165.18",36.51
Krymo g. 34-29,1443,130198.,"51,552.36","4,130.08","47,422.28",50.99
?kalovo g. 37,1445,130200.,"14,238.01","1,108.26","13,129.75",160.60
Energetik? g. 1A-17,1446,130201.,"37,650.60","2,980.00","34,670.60",36.37
Dariaus ir Gir?no g. 26-59,1447,130202.,"46,339.20","3,364.59","42,974.61",47.86
Architekt? g. 24-38,1448,130203.,"45,180.72","3,280.59","41,900.13",50.21
Geguži? g. 56-24,1449,130204.,"54,448.56","3,917.87","50,530.69",64.13
Geguži? g. 31-7,1475,13025,"54,448.56","3,865.47","50,583.09",63.95
Aukštabalio g. 12-66,1482,13026,"38,809.08","2,755.16","36,053.92",43.87
Gytari? g. 10-4,1488,13027,"44,022.24","3,125.10","40,897.14",50.37
Aukštabalio 6-51,1496,13028,"30,410.10","1,416.84","28,993.26",61.30
S. Dariaus ir S. Gir?no 14-53,1504,13029,"19,983.78",931.04,"19,052.74",30.41
Aukštabalio g. 6-16,1510,13030,"20,273.40",944.60,"19,328.80",47.60
Sevaltopolio g. 1-45,1511,13031,"20,273.40",944.60,"19,328.80",50.16
,,,,,,
,,,,,,
